{"xy_sens": 1.0, "targeting_sens": 1.0, "xy_scale": 0.15384615384615385, "targeting_scale": 2.098901098901099}