{"xy_sens": 65.0, "targeting_sens": 14.0, "xy_scale": 0.15384615384615385, "targeting_scale": 1.098901098901099}